I5_Index_ID,index2_workflow_a,index2_workflow_b
N501,TAGATCGC,GCGATCTA
N502,CTCTCTAT,ATAGAGAG
N503,TATCCTCT,AGAGGATA
N504,AGAGTAGA,TCTACTCT
N505,GTAAGGAG,CTCCTTAC
N506,ACTGCATA,TATGCAGT
N507,AAGGAGTA,TACTCCTT
N508,CTAAGCCT,AGGCTTAG
N510,CGTCTAAT,ATTAGACG
N511,TCTCTCCG,CGGAGAGA
N513,TCGACTAG,CTAGTCGA
N515,TTCTAGCT,AGCTAGAA
N516,CCTAGAGT,ACTCTAGG
N517,GCGTAAGA,TCTTACGC
N518,CTATTAAG,CTTAATAG
N520,AAGGCTAT,ATAGCCTT
N521,GAGCCTTA,TAAGGCTC
N522,TTATGCGA,TCGCATAA
D501,TATAGCCT,AGGCTATA
D502,ATAGAGGC,GCCTCTAT
D503,CCTATCCT,AGGATAGG
D504,GGCTCTGA,TCAGAGCC
D505,AGGCGAAG,CTTCGCCT
D506,TAATCTTA,TAAGATTA
D507,CAGGACGT,ACGTCCTG
D508,GTACTGAC,GTCAGTAC
