ATGCAATAGACG,GCGTTGCAATAT,GAAGATGTCCAT
TAAGTGAACAGC,ACAATGTACACG,CAGGCTCATTAT
ATTGCGATCGTT,AGTCAATCGCAA,GTGGTACGATAA
ACAACCGCGTTA,TACTCTTCGTTC,TATGTTCGCATG
TACCATTGGCGA,CTCCATGGTATT,GCATCGAGAGAA
AGCAGATGGTTA,CGATACACAGGA,GGCGCTATGTAA
TGAACGACCGTA,CGCGTGTTGTTA,GCACTGGCTCTA
GAGGCAGTTCCA,TTAGATCTGAGC,GGCATTATCCAT
CTTGCGACGACA,GGCTAGAAGCAG,GATACCTCCGTT
CAACCGATGCTC,ATCTTCCGTACA,GAACCGTCTAAG
CCGTTCCTCAGA,ACCTAGCACGAG,CTATGAAGACAC
TCAGTCCACTTA,ACGTCACGCTCA,GTCACTTGAGTA
CTGAGTTGCACG,CTGCATACACAC,GAGCATGAAGTG
ACTAACTCCTAC,TCGATCGAACCA,TGTCCAGTGTAT
CGTCCGCTTGAA,AGAGACCGATAC,AACATCCAGTTC
TCGAGGTACCTT,ACGTCCTGGTAC,TTAGTAGGCAGA
CTACCTCTGTCA,AGCTCTTACGAT,GATCGTGACCTC
CAGCATTAGTCT,TTGGCAATGTAC,TATTACACGCTC
TGGTTCAATACG,GTGTTCCAGCAC,TGCAGCTCAACG
ATGTAACCAGGA,ACAGTCTGCGAG,GCGAGTGTATCA
CAATGAGACCGA,CGAGAAGATAGA,CCGAAGAACAAT
TACTGGCACCTG,GTCCACACACCA,GATCACCTAGAG
GACTGTACGAGA,CGAAGACACTCA,CTACCTAGAAGA
CCGCTCTGAAGT,GGCAACTAATCA,GGTCACCGTCTA
TACACGCTTCGC,CCACAGAGCGTT,TGACCTCATGAT
GGATCTACAACT,AATAGGCGCATT,CCTATGCTATAC
CGTAATCTTCGT,TCCACCTGGCTT,TTACAGGCGACG
TGCGTGACCTAT,GATAAGTCGCGC,AGAGTAGTCGTA
GCTAGACACGTT,TTGTTGACCGAA,ATCCTTGTGAGA
GGCTTCATGCTC,TGCTTACAGTCA,TTCCAGCTCCTA
AGTTAGGATGTG,AAGTAGACTCCT,CTAGGAGTTGGT
GTCGACAATCGC,GCTACTGTGAAC,TCGAAGAGTCAC
AAGCTGCAACCT,CTAACGTGACTT,GGATGTATGATG
GGTATACCGAGT,TCTGGCGTATCT,CCGTGACAGATA
TACAGCTGTGTA,TTGTGTCACACA,TTGTTCCGATCT
GAGCAATCGATC,CATGAGGCGAAC,CGAGGCTTACAC
AGTTGGTCTGGT,CCAGAGGCAATG,CTCCAGAGGTCA
CCTCCACTGATG,AGACACCTTCCG,TTCGACAGGACT
TTCACTCCTGTT,GTGTCTGTTAAG,GTCTGATACCTA
GAGTTGAGGTCA,AATGCATGGCAT,TTGTAACGTGTG
GATATCAGACCT,GAAGATAGAAGC,GCAACACGCAGA
TTCCGTTGGTCT,TCAGCGTCTAGA,GCGAACCATGAG
GCTGTTGAACGC,CCTAGGTTCGAA,CCTATAACACCA
GTCCGCTTACTT,GAAGTCATCGTG,TCTGTCTAGAAC
CTGGTACTTCAG,GGTTCGAGTCTT,ATGGCATCCGAA
CGACTCCATAGC,AAGACTTGTGGT,TATCTAGTGACG
GACGTCCGTCTT,CACGTAAGACGT,CAGACTGTACTA
CACTCTTAACCT,GGCTGACTATAC,GAGGACCACATC
TCGTGTGAGGAG,CGTTAATCACTG,TGGTCCGTACTC
CTCTTATCTGGT,CTTAGTCGTGAT,AATCATCCTCTG
TATTGATGTCCG,GTGATCGCGACA,GCTTAGCGAAGC
AAGCGAACCACA,TGCGTATTGACT,GATGCATCACTA
TTACGCAGTCGT,ACACTGTCTGAT,ATAGGCTGGTAA
AGCACAGACTAA,CTTCCTCAACGC,TATGACAACCGT
GTATCCGCTCTG,TACCGCGATCCT,TACACTACCTCA
TCACCGAGACTG,CCGCGCAATCTA,CAATCCGTCAGT
TGATGGTCTTAC,AGTTCAGAGAAC,GACTGCGAACAA
AGGATATACCTC,AGACCTTAGACA,GGTCCTAGCGAA
GTTCGTGTACGA,CGAGCTATAGGT,ACTGAGCTACGT
ACGTGGTATACT,GGAGGCGATAAG,CTGATCATCCTT
TCATGCTAACTC,CCTTCGTTCCGT,GAGCTAGGCTAC
AACCGACATCTA,AGAGGCATTGTT,CCATTGCTGGTT
GCTTAACCTCAA,TAGACCACTACT,ATCTGTCAGCGT
GCGCTTAGTGTG,ACACGAGGTAGC,ACTACTCAACTG
GAGCTGTGTATT,TGGTTGAAGCTA,TAACGCATAACG
CATCGAACGTCT,ATCCTGTTGCTG,ACTACTTCAGGA
ATCGATTGGCAC,GGACATGTCTTC,CGTTGACGACGT
GTTGGTTAGAGC,ATCCTCACTCAC,AGGTTGTCACGA
GCGTAATGGCGA,CGACAACTGAGT,GGCAGTCCTATG
CTGGCATGGCTA,TCCTGTGGTTAA,GGCGTGATCAGA
CAGATGTGAGAT,CGCACGCAACAT,TAAGATGCGTCT
TCACAACCGCTG,TTGACGTTCAGA,TAATGGTAGCGT
CCGAAGTTGATC,TGAGTTACTCCA,AATGCGAGTATG
CCTTGTCTTCCA,AAGCGTTCCGAG,GTACTCACAGAT
GATCTAAGTGGT,TGTACTAAGCGC,ACGCTACATATG
TAGGCGAGCTTC,CCTGCAACTTAA,TCAACTTCCATC
TTCCACCAGAAG,ATTGGCAGAAGA,CTATTGTTCCTC
GGAGGTTGCAGT,TGCAGGCAGATA,ACCTCAGGTCTG
AACGAGGACTAT,CTCTGGTTAACA,TATGCACTCCAG
CATGTGTTAGGA,AAGAGCGTCAAC,ACTTCAACCACT
GTTACTATACCG,GATCAGGACACA,ACCAGATAGCAT
CCACCTATTAAC,TGACTCTAGCAG,CCACGCGCATAA
ACCATGACCTTA,ACACAACAACGC,GTTAAGCAGTTC
ACTGGTCCAGAG,ATAGAGATACCG,CACTACGATGAG
AATACGTGGTTC,AGCTACCATGGT,CTGTGAGCACCT
TAGTCCGAAGAT,CGTGTCTGCATT,GAAGCGTAGGTT
GTACGACCTACG,ATATACAGGAGC,CTGTGTGTCGTG
CCTGGCATTAGC,AGTTGGCATCAC,ACCGTTAGACCG
CCACAGTAACCA,TAGGCTTGTCTG,TACGCGACAGGA
TGTCTGAGAGGA,CTACTTAGCTAC,TCGTTAGGCGTT
GACATAGGCAGT,TCGCGATTAATC,CTTCAGACAGTG
AGGAGCGCTATA,CGCACCTCCTTA,TTCATAGACCAG
TCTAGGCAACGA,ACCGCAACGTTC,TAGTCAGGTCGC
GCACCATATCGA,CACGAGCTGCAA,AACTGGTAGTCA
TGGCTACAGAAC,ATGGCACGAGTT,AGCGTTCGTAAC
CAGACATAGCGC,CTATCACTGCGC,CTACACCTCATC