ATGCAATAGACG,tag1
TAAGTGAACAGC,tag2
ATTGCGATCGTT,tag3
ACAACCGCGTTA,tag4
TACCATTGGCGA,tag5
AGCAGATGGTTA,tag6
TGAACGACCGTA,tag7
GAGGCAGTTCCA,tag8
CTTGCGACGACA,tag9
CAACCGATGCTC,tag10
CCGTTCCTCAGA,tag11
TCAGTCCACTTA,tag12
CTGAGTTGCACG,tag13
ACTAACTCCTAC,tag14
CGTCCGCTTGAA,tag15
TCGAGGTACCTT,tag16
CTACCTCTGTCA,tag17
CAGCATTAGTCT,tag18
TGGTTCAATACG,tag19
ATGTAACCAGGA,tag20
CAATGAGACCGA,tag21
TACTGGCACCTG,tag22
GACTGTACGAGA,tag23
CCGCTCTGAAGT,tag24
TACACGCTTCGC,tag25
GGATCTACAACT,tag26
CGTAATCTTCGT,tag27
TGCGTGACCTAT,tag28
GCTAGACACGTT,tag29
GGCTTCATGCTC,tag30
AGTTAGGATGTG,tag31
GTCGACAATCGC,tag32
AAGCTGCAACCT,tag33
GGTATACCGAGT,tag34
TACAGCTGTGTA,tag35
GAGCAATCGATC,tag36
AGTTGGTCTGGT,tag37
CCTCCACTGATG,tag38
TTCACTCCTGTT,tag39
GAGTTGAGGTCA,tag40
GATATCAGACCT,tag41
TTCCGTTGGTCT,tag42
GCTGTTGAACGC,tag43
GTCCGCTTACTT,tag44
CTGGTACTTCAG,tag45
CGACTCCATAGC,tag46
GACGTCCGTCTT,tag47
CACTCTTAACCT,tag48
TCGTGTGAGGAG,tag49
CTCTTATCTGGT,tag50
TATTGATGTCCG,tag51
AAGCGAACCACA,tag52
TTACGCAGTCGT,tag53
AGCACAGACTAA,tag54
GTATCCGCTCTG,tag55
TCACCGAGACTG,tag56
TGATGGTCTTAC,tag57
AGGATATACCTC,tag58
GTTCGTGTACGA,tag59
ACGTGGTATACT,tag60
TCATGCTAACTC,tag61
AACCGACATCTA,tag62
GCTTAACCTCAA,tag63
GCGCTTAGTGTG,tag64
GAGCTGTGTATT,tag65
CATCGAACGTCT,tag66
ATCGATTGGCAC,tag67
GTTGGTTAGAGC,tag68
GCGTAATGGCGA,tag69
CTGGCATGGCTA,tag70
CAGATGTGAGAT,tag71
TCACAACCGCTG,tag72
CCGAAGTTGATC,tag73
CCTTGTCTTCCA,tag74
GATCTAAGTGGT,tag75
TAGGCGAGCTTC,tag76
TTCCACCAGAAG,tag77
GGAGGTTGCAGT,tag78
AACGAGGACTAT,tag79
CATGTGTTAGGA,tag80
GTTACTATACCG,tag81
CCACCTATTAAC,tag82
ACCATGACCTTA,tag83
ACTGGTCCAGAG,tag84
AATACGTGGTTC,tag85
TAGTCCGAAGAT,tag86
GTACGACCTACG,tag87
CCTGGCATTAGC,tag88
CCACAGTAACCA,tag89
TGTCTGAGAGGA,tag90
GACATAGGCAGT,tag91
AGGAGCGCTATA,tag92
TCTAGGCAACGA,tag93
GCACCATATCGA,tag94
TGGCTACAGAAC,tag95
CAGACATAGCGC,tag96
GCGTTGCAATAT,tag97
ACAATGTACACG,tag98
AGTCAATCGCAA,tag99
TACTCTTCGTTC,tag100
CTCCATGGTATT,tag101
CGATACACAGGA,tag102
CGCGTGTTGTTA,tag103
TTAGATCTGAGC,tag104
GGCTAGAAGCAG,tag105
ATCTTCCGTACA,tag106
ACCTAGCACGAG,tag107
ACGTCACGCTCA,tag108
CTGCATACACAC,tag109
TCGATCGAACCA,tag110
AGAGACCGATAC,tag111
ACGTCCTGGTAC,tag112
AGCTCTTACGAT,tag113
TTGGCAATGTAC,tag114
GTGTTCCAGCAC,tag115
ACAGTCTGCGAG,tag116
CGAGAAGATAGA,tag117
GTCCACACACCA,tag118
CGAAGACACTCA,tag119
GGCAACTAATCA,tag120
CCACAGAGCGTT,tag121
AATAGGCGCATT,tag122
TCCACCTGGCTT,tag123
GATAAGTCGCGC,tag124
TTGTTGACCGAA,tag125
TGCTTACAGTCA,tag126
AAGTAGACTCCT,tag127
GCTACTGTGAAC,tag128
CTAACGTGACTT,tag129
TCTGGCGTATCT,tag130
TTGTGTCACACA,tag131
CATGAGGCGAAC,tag132
CCAGAGGCAATG,tag133
AGACACCTTCCG,tag134
GTGTCTGTTAAG,tag135
AATGCATGGCAT,tag136
GAAGATAGAAGC,tag137
TCAGCGTCTAGA,tag138
CCTAGGTTCGAA,tag139
GAAGTCATCGTG,tag140
GGTTCGAGTCTT,tag141
AAGACTTGTGGT,tag142
CACGTAAGACGT,tag143
GGCTGACTATAC,tag144
CGTTAATCACTG,tag145
CTTAGTCGTGAT,tag146
GTGATCGCGACA,tag147
TGCGTATTGACT,tag148
ACACTGTCTGAT,tag149
CTTCCTCAACGC,tag150
TACCGCGATCCT,tag151
CCGCGCAATCTA,tag152
AGTTCAGAGAAC,tag153
AGACCTTAGACA,tag154
CGAGCTATAGGT,tag155
GGAGGCGATAAG,tag156
CCTTCGTTCCGT,tag157
AGAGGCATTGTT,tag158
TAGACCACTACT,tag159
ACACGAGGTAGC,tag160
TGGTTGAAGCTA,tag161
ATCCTGTTGCTG,tag162
GGACATGTCTTC,tag163
ATCCTCACTCAC,tag164
CGACAACTGAGT,tag165
TCCTGTGGTTAA,tag166
CGCACGCAACAT,tag167
TTGACGTTCAGA,tag168
TGAGTTACTCCA,tag169
AAGCGTTCCGAG,tag170
TGTACTAAGCGC,tag171
CCTGCAACTTAA,tag172
ATTGGCAGAAGA,tag173
TGCAGGCAGATA,tag174
CTCTGGTTAACA,tag175
AAGAGCGTCAAC,tag176
GATCAGGACACA,tag177
TGACTCTAGCAG,tag178
ACACAACAACGC,tag179
ATAGAGATACCG,tag180
AGCTACCATGGT,tag181
CGTGTCTGCATT,tag182
ATATACAGGAGC,tag183
AGTTGGCATCAC,tag184
TAGGCTTGTCTG,tag185
CTACTTAGCTAC,tag186
TCGCGATTAATC,tag187
CGCACCTCCTTA,tag188
ACCGCAACGTTC,tag189
CACGAGCTGCAA,tag190
ATGGCACGAGTT,tag191
CTATCACTGCGC,tag192
GAAGATGTCCAT,tag193
CAGGCTCATTAT,tag194
GTGGTACGATAA,tag195
TATGTTCGCATG,tag196
GCATCGAGAGAA,tag197
GGCGCTATGTAA,tag198
GCACTGGCTCTA,tag199
GGCATTATCCAT,tag200
GATACCTCCGTT,tag201
GAACCGTCTAAG,tag202
CTATGAAGACAC,tag203
GTCACTTGAGTA,tag204
GAGCATGAAGTG,tag205
TGTCCAGTGTAT,tag206
AACATCCAGTTC,tag207
TTAGTAGGCAGA,tag208
GATCGTGACCTC,tag209
TATTACACGCTC,tag210
TGCAGCTCAACG,tag211
GCGAGTGTATCA,tag212
CCGAAGAACAAT,tag213
GATCACCTAGAG,tag214
CTACCTAGAAGA,tag215
GGTCACCGTCTA,tag216
TGACCTCATGAT,tag217
CCTATGCTATAC,tag218
TTACAGGCGACG,tag219
AGAGTAGTCGTA,tag220
ATCCTTGTGAGA,tag221
TTCCAGCTCCTA,tag222
CTAGGAGTTGGT,tag223
TCGAAGAGTCAC,tag224
GGATGTATGATG,tag225
CCGTGACAGATA,tag226
TTGTTCCGATCT,tag227
CGAGGCTTACAC,tag228
CTCCAGAGGTCA,tag229
TTCGACAGGACT,tag230
GTCTGATACCTA,tag231
TTGTAACGTGTG,tag232
GCAACACGCAGA,tag233
GCGAACCATGAG,tag234
CCTATAACACCA,tag235
TCTGTCTAGAAC,tag236
ATGGCATCCGAA,tag237
TATCTAGTGACG,tag238
CAGACTGTACTA,tag239
GAGGACCACATC,tag240
TGGTCCGTACTC,tag241
AATCATCCTCTG,tag242
GCTTAGCGAAGC,tag243
GATGCATCACTA,tag244
ATAGGCTGGTAA,tag245
TATGACAACCGT,tag246
TACACTACCTCA,tag247
CAATCCGTCAGT,tag248
GACTGCGAACAA,tag249
GGTCCTAGCGAA,tag250
ACTGAGCTACGT,tag251
CTGATCATCCTT,tag252
GAGCTAGGCTAC,tag253
CCATTGCTGGTT,tag254
ATCTGTCAGCGT,tag255
ACTACTCAACTG,tag256
TAACGCATAACG,tag257
ACTACTTCAGGA,tag258
CGTTGACGACGT,tag259
AGGTTGTCACGA,tag260
GGCAGTCCTATG,tag261
GGCGTGATCAGA,tag262
TAAGATGCGTCT,tag263
TAATGGTAGCGT,tag264
AATGCGAGTATG,tag265
GTACTCACAGAT,tag266
ACGCTACATATG,tag267
TCAACTTCCATC,tag268
CTATTGTTCCTC,tag269
ACCTCAGGTCTG,tag270
TATGCACTCCAG,tag271
ACTTCAACCACT,tag272
ACCAGATAGCAT,tag273
CCACGCGCATAA,tag274
GTTAAGCAGTTC,tag275
CACTACGATGAG,tag276
CTGTGAGCACCT,tag277
GAAGCGTAGGTT,tag278
CTGTGTGTCGTG,tag279
ACCGTTAGACCG,tag280
TACGCGACAGGA,tag281
TCGTTAGGCGTT,tag282
CTTCAGACAGTG,tag283
TTCATAGACCAG,tag284
TAGTCAGGTCGC,tag285
AACTGGTAGTCA,tag286
AGCGTTCGTAAC,tag287
CTACACCTCATC,tag288